,Neighborhood,Population,Total private dwellings,Population density per square kilometre,Crime Cases,COVID Cases,latitude,longitude,Crime Rate,COVID Rate,1st Most Common Venue,2nd Most Common Venue,3rd Most Common Venue,4th Most Common Venue,5th Most Common Venue,6th Most Common Venue,7th Most Common Venue,8th Most Common Venue,9th Most Common Venue,10th Most Common Venue,Count
0,Agincourt North,29113.0,9371.0,3929.0,214.0,884.0,43.8080383,-79.2664391,0.05446678544158819,0.2249936370577755,Coffee Shop,Bakery,Indian Restaurant,Bank,Chinese Restaurant,Park,Salon / Barbershop,Sandwich Place,Frozen Yogurt Shop,Beer Store,32
1,Agincourt South-Malvern West,23757.0,8535.0,3034.0,329.0,685.0,43.781969,-79.25768943954708,0.1084377059986816,0.2257745550428477,Clothing Store,Restaurant,Gym / Fitness Center,Coffee Shop,Bakery,Bank,Sandwich Place,Gym,Department Store,American Restaurant,65
2,Alderwood,12054.0,4732.0,2435.0,88.0,274.0,43.6017173,-79.5452325,0.036139630390143736,0.11252566735112936,Pharmacy,Discount Store,Pizza Place,Convenience Store,Donut Shop,Shopping Mall,Park,Skating Rink,Liquor Store,Bagel Shop,22
3,Amesbury,17757.0,6667.0,5045.0,212.0,1025.0,43.7061619,-79.48349185404643,0.04202180376610506,0.20317145688800792,Portuguese Restaurant,Fast Food Restaurant,Coffee Shop,Pizza Place,Supermarket,Breakfast Spot,Big Box Store,Park,Grocery Store,Bank,26
4,Annex,30526.0,18109.0,10863.0,604.0,654.0,43.6703377,-79.407117,0.05560158335634723,0.06020436343551505,Café,Italian Restaurant,Korean Restaurant,Bakery,Restaurant,Coffee Shop,Vegetarian / Vegan Restaurant,Grocery Store,Mexican Restaurant,Japanese Restaurant,100
5,Banbury-Don Mills,27695.0,12473.0,2775.0,221.0,564.0,43.7526832,-79.3652703,0.07963963963963964,0.20324324324324325,Coffee Shop,Bank,Athletics & Sports,Restaurant,Fast Food Restaurant,Mobile Phone Shop,Supermarket,Burger Joint,Cafeteria,Park,30
6,Bathurst Manor,15873.0,6418.0,3377.0,113.0,953.0,43.76389295,-79.45636693710946,0.033461652354160494,0.2822031388806633,Hardware Store,Pharmacy,Breakfast Spot,Men's Store,Fast Food Restaurant,Grocery Store,Baseball Field,Park,Liquor Store,Sandwich Place,17
7,Bay Street Corridor,25797.0,18436.0,14097.0,1371.0,399.0,43.6688649,-79.3891256,0.09725473505001064,0.02830389444562673,Coffee Shop,Park,Grocery Store,Italian Restaurant,Japanese Restaurant,Juice Bar,Shopping Mall,Men's Store,Gourmet Shop,Bookstore,82
8,Bayview Village,21396.0,10111.0,4195.0,167.0,324.0,43.7691966,-79.3766617,0.03980929678188319,0.07723480333730631,Furniture / Home Store,Café,Coffee Shop,Moving Target,Metro Station,Chinese Restaurant,Bank,Clothing Store,Deli / Bodega,Restaurant,48
10,Bedford Park,23236.0,9052.0,4209.0,250.0,774.0,43.7373876,-79.4109253,0.059396531242575434,0.18389166072701355,Coffee Shop,Sandwich Place,Sushi Restaurant,Pub,Restaurant,Italian Restaurant,Bakery,Grocery Store,Pharmacy,Asian Restaurant,64
11,Beechborough,6577.0,2796.0,3614.0,105.0,413.0,43.6950296,-79.4716835,0.029053680132816822,0.11427780852241284,Furniture / Home Store,Portuguese Restaurant,Discount Store,Sandwich Place,Coffee Shop,Fast Food Restaurant,Burger Joint,Dessert Shop,Hardware Store,Falafel Restaurant,23
12,Bendale,29960.0,11293.0,4011.0,423.0,1474.0,43.7535196,-79.2553355,0.10545998504113688,0.3674894041386188,Bank,Pharmacy,Fast Food Restaurant,Park,Bookstore,Chinese Restaurant,Grocery Store,Fish & Chips Shop,Coffee Shop,Sandwich Place,22
14,Blake,7727.0,3269.0,8134.0,109.0,150.0,43.781933,-79.4230863,0.013400540939267272,0.018441111384312762,Korean Restaurant,Bubble Tea Shop,Coffee Shop,Japanese Restaurant,Pizza Place,Dessert Shop,Vietnamese Restaurant,Café,Bank,Park,64
15,Briar Hill,14257.0,6080.0,7791.0,182.0,,43.70304535,-79.45134360044906,0.02336028751123091,,Grocery Store,Pizza Place,Bank,Coffee Shop,Fast Food Restaurant,Sandwich Place,Furniture / Home Store,Bike Shop,Gym / Fitness Center,Caribbean Restaurant,37
16,Broadview North,11499.0,5812.0,6764.0,116.0,258.0,43.6839216,-79.3569421,0.01714961561206387,0.038143110585452396,Greek Restaurant,Coffee Shop,Café,Pub,Pizza Place,Bakery,Ice Cream Shop,Spa,Restaurant,Pet Store,93
17,Cabbagetown-South St. James Town,11669.0,6761.0,8335.0,,342.0,43.6637034,-79.37192425189392,,0.04103179364127175,Café,Coffee Shop,Restaurant,Thai Restaurant,Japanese Restaurant,Gay Bar,Diner,Gastropub,Pub,Italian Restaurant,100
18,Caledonia,9955.0,3935.0,6464.0,121.0,480.0,43.6923702,-79.4653558,0.018719059405940593,0.07425742574257425,Furniture / Home Store,Sandwich Place,Discount Store,Pharmacy,Photography Studio,Grocery Store,Hardware Store,Falafel Restaurant,Bar,Park,23
19,Casa Loma,10968.0,5833.0,5683.0,100.0,243.0,43.6781015,-79.409415775,0.01759633996128805,0.042759106105929964,Park,Coffee Shop,Sandwich Place,Mexican Restaurant,Café,Pizza Place,Diner,French Restaurant,Grocery Store,History Museum,84
22,Church-Yonge Corridor,31340.0,21983.0,23044.0,1422.0,689.0,43.6707855,-79.3856867,0.06170803679916681,0.02989932303419545,Coffee Shop,Park,Italian Restaurant,Hotel,Café,Sushi Restaurant,Indian Restaurant,Restaurant,Boutique,Yoga Studio,100
23,Clairlea,26984.0,9529.0,3632.0,465.0,1310.0,43.7088231,-79.2959856,0.1280286343612335,0.3606828193832599,Intersection,Ice Cream Shop,Restaurant,Burger Joint,Mexican Restaurant,Fast Food Restaurant,Grocery Store,Park,Sandwich Place,Pet Store,15
26,Cliffside,22291.0,9637.0,3765.0,317.0,723.0,43.7111699,-79.2481769,0.08419654714475432,0.19203187250996015,Park,Coffee Shop,Sandwich Place,Beach,Train Station,Pub,Breakfast Spot,Pizza Place,Sports Bar,Fish & Chips Shop,17
27,Corso Italia-Davenport,14133.0,5903.0,7478.0,183.0,454.0,43.677954,-79.4430828,0.024471783899438354,0.060711420165819735,Italian Restaurant,Café,Coffee Shop,Bakery,Mexican Restaurant,Pizza Place,Bank,Bar,Park,Sushi Restaurant,56
28,Danforth,9666.0,4108.0,8554.0,145.0,190.0,43.6864333,-79.3003555,0.01695113397241057,0.02221183072246902,Coffee Shop,Pizza Place,Ice Cream Shop,Bus Line,Park,Sushi Restaurant,Asian Restaurant,Supermarket,Caribbean Restaurant,Mexican Restaurant,54
29,Danforth East York,17180.0,7275.0,7881.0,129.0,,43.6881713,-79.3018156,0.016368481157213552,,Coffee Shop,Ice Cream Shop,Sandwich Place,Arts & Crafts Store,Bank,Sushi Restaurant,Convenience Store,Park,Pizza Place,Discount Store,50
30,Don Valley Village,27051.0,10196.0,6441.0,247.0,729.0,43.7926732,-79.3547219,0.038348082595870206,0.11318118304611086,Coffee Shop,Chinese Restaurant,Sandwich Place,Park,Pizza Place,Grocery Store,Bank,Bakery,Fast Food Restaurant,Intersection,36
31,Dorset Park,25003.0,8995.0,4146.0,328.0,1442.0,43.7528467,-79.282067,0.07911239749155813,0.3478051133622769,Restaurant,Coffee Shop,Indian Restaurant,Fast Food Restaurant,Gym,Bowling Alley,Burger Joint,Soccer Field,Chinese Restaurant,Italian Restaurant,25
32,Dovercourt-Wallace Emerson-Junction,36625.0,16248.0,9819.0,551.0,942.0,43.6673299,-79.43810604666803,0.05611569406253183,0.09593644974029943,Bar,Coffee Shop,Café,Bakery,Park,Pharmacy,Mexican Restaurant,Italian Restaurant,Grocery Store,Diner,94
33,Dufferin Grove,11785.0,5815.0,8540.0,183.0,318.0,43.6536319,-79.4264389,0.02142857142857143,0.03723653395784543,Café,Bar,Coffee Shop,Italian Restaurant,Restaurant,Vegetarian / Vegan Restaurant,Japanese Restaurant,Cupcake Shop,Korean Restaurant,Park,100
34,East End-Danforth,21381.0,9535.0,8038.0,299.0,452.0,43.6684402,-79.33067,0.037198308036825084,0.056232893754665336,Pizza Place,Indian Restaurant,Grocery Store,Bar,Brewery,Fast Food Restaurant,Café,Diner,Coffee Shop,American Restaurant,100
38,Emery,15545.0,5390.0,3565.0,325.0,1331.0,43.7520744,-79.5423657,0.091164095371669,0.37335203366058906,Fast Food Restaurant,Vietnamese Restaurant,Asian Restaurant,Hockey Field,Tea Room,Caribbean Restaurant,Japanese Restaurant,Clothing Store,Food Court,Sandwich Place,16
39,Englemount-Lawrence,22372.0,8858.0,6466.0,195.0,1497.0,43.7133583,-79.4367338,0.030157748221466132,0.2315187132694092,Coffee Shop,Pharmacy,Fast Food Restaurant,Bank,Department Store,Bakery,Liquor Store,Middle Eastern Restaurant,Sandwich Place,Gym,25
40,Etobicoke West Mall,11848.0,4727.0,6582.0,87.0,558.0,43.6435491,-79.56532534553605,0.013217866909753875,0.08477666362807658,Convenience Store,Coffee Shop,Intersection,Pharmacy,Café,Beer Store,Gym,Gym / Fitness Center,Farmers Market,Park,28
41,Flemingdon Park,21933.0,7964.0,9026.0,192.0,1268.0,43.7184315,-79.333204,0.021271881231996456,0.14048304896964325,Japanese Restaurant,Sandwich Place,Playground,Coffee Shop,Intersection,Middle Eastern Restaurant,Gym,Grocery Store,Theme Park Ride / Attraction,Pakistani Restaurant,36
42,Forest Hill North,12806.0,5784.0,8054.0,124.0,380.0,43.6935586,-79.4139023,0.01539607648373479,0.04718152470821952,Skating Rink,Café,Bank,Trail,Grocery Store,Mediterranean Restaurant,Bookstore,Coffee Shop,Park,Bakery,27
43,Forest Hill South,10732.0,5353.0,4380.0,101.0,142.0,43.6935586,-79.4139023,0.023059360730593607,0.032420091324200914,Skating Rink,Café,Bank,Trail,Grocery Store,Mediterranean Restaurant,Bookstore,Coffee Shop,Park,Bakery,27
44,Glenfield,30491.0,10423.0,5864.0,532.0,2371.0,43.7068461,-79.3043334,0.09072305593451568,0.40433151432469305,Intersection,Coffee Shop,Fast Food Restaurant,Pizza Place,Grocery Store,Bakery,Bank,Chinese Restaurant,Gym / Fitness Center,Mexican Restaurant,28
45,Greenwood,14417.0,6443.0,8582.0,217.0,277.0,43.68253285,-79.33024260293422,0.02528548123980424,0.0322768585411326,Café,Coffee Shop,Gastropub,Pizza Place,Park,Ethiopian Restaurant,Thai Restaurant,Sandwich Place,Beer Bar,Bar,67
48,High Park North,22162.0,11541.0,11726.0,197.0,330.0,43.6573833,-79.470961,0.016800272897833875,0.028142589118198873,Coffee Shop,Café,Bakery,Pizza Place,Bar,Italian Restaurant,Thai Restaurant,Grocery Store,Convenience Store,Park,92
49,High Park-Swansea,23925.0,11526.0,4893.0,246.0,492.0,43.638093,-79.4665843,0.05027590435315757,0.10055180870631514,Park,Scenic Lookout,Gas Station,Amphitheater,Café,Light Rail Station,Harbor / Marina,Basketball Court,Beach,Outdoors & Recreation,35
51,Hillcrest Village,16934.0,6642.0,3148.0,155.0,370.0,43.6816953,-79.4257118,0.04923761118170267,0.11753494282083862,Bakery,Restaurant,Ice Cream Shop,Coffee Shop,Indian Restaurant,Italian Restaurant,Mexican Restaurant,Pizza Place,Park,Bank,72
52,Humber Heights-Westmount,10948.0,4261.0,3981.0,81.0,514.0,43.6977767,-79.5212217,0.020346646571213264,0.12911328811856318,Pizza Place,Sandwich Place,Train Station,Coffee Shop,Fried Chicken Joint,Gas Station,Skating Rink,Café,Park,Middle Eastern Restaurant,22
54,Humewood-Cedarvale,14365.0,6865.0,7682.0,102.0,290.0,43.6883215,-79.4280805,0.01327779224160375,0.037750585784951836,Coffee Shop,Pizza Place,Sushi Restaurant,Italian Restaurant,Indian Restaurant,Restaurant,Mexican Restaurant,BBQ Joint,Bakery,Bank,68
55,Ionview,13641.0,5312.0,7031.0,119.0,367.0,43.7359904,-79.2765146,0.016925046223865738,0.0521974114635187,Chinese Restaurant,Bank,Furniture / Home Store,Turkish Restaurant,Gym,Baseball Field,Grocery Store,Paper / Office Supplies Store,Greek Restaurant,Coffee Shop,20
56,Islington-City Centre West,43965.0,19911.0,2712.0,591.0,1580.0,43.645335,-79.5248163,0.2179203539823009,0.5825958702064897,Coffee Shop,Pub,Pizza Place,Tapas Restaurant,Italian Restaurant,Sushi Restaurant,Fast Food Restaurant,Sandwich Place,Music Store,Beer Store,47
57,Junction Area,14366.0,6431.0,5442.0,180.0,376.0,43.6654775,-79.470352,0.03307607497243661,0.06909224549797868,Coffee Shop,Park,Café,Grocery Store,Italian Restaurant,Thai Restaurant,Bar,Mexican Restaurant,Restaurant,Burger Joint,91
58,Keelesdale-Eglinton West,11058.0,4575.0,6467.0,133.0,494.0,43.6901578,-79.4749985,0.020565950208752126,0.07638781506107932,Intersection,Furniture / Home Store,Grocery Store,Discount Store,Sandwich Place,Thrift / Vintage Store,Bakery,Gas Station,Latin American Restaurant,Bar,20
60,Kensington,17945.0,9745.0,11806.0,773.0,441.0,43.6552136,-79.4022604,0.06547518211079112,0.03735388785363374,Café,Bar,Vegetarian / Vegan Restaurant,Taco Place,Mexican Restaurant,Coffee Shop,Farmers Market,Japanese Restaurant,Caribbean Restaurant,Beer Bar,100
61,Kingsview Village,22000.0,8159.0,4356.0,173.0,1281.0,43.6995391,-79.5563459,0.03971533516988063,0.2940771349862259,Bus Line,Coffee Shop,Gas Station,Pharmacy,Beer Store,Chinese Restaurant,Fast Food Restaurant,Bank,Middle Eastern Restaurant,Mobile Phone Shop,23
62,Kingsway South,9271.0,3710.0,3593.0,97.0,159.0,43.6473811,-79.5113328,0.02699693849151127,0.04425271360979683,Coffee Shop,Pub,Fast Food Restaurant,Bank,Italian Restaurant,Pizza Place,Dessert Shop,Sushi Restaurant,Grocery Store,Restaurant,52
63,L'Amoreaux,43993.0,15486.0,6144.0,379.0,1533.0,43.799003,-79.3059669,0.061686197916666664,0.24951171875,Chinese Restaurant,Bank,Pizza Place,Park,Coffee Shop,Electronics Store,Sri Lankan Restaurant,Gas Station,Bus Stop,Tennis Court,24
64,Lambton,7985.0,3217.0,4697.0,61.0,145.0,43.6658675,-79.4992242,0.012987012987012988,0.03087076857568661,Coffee Shop,Park,Convenience Store,Fast Food Restaurant,Sandwich Place,Bakery,Bus Line,Clothing Store,Discount Store,Trail,27
65,Lansing-Westgate,16164.0,6943.0,3038.0,165.0,334.0,43.7589503,-79.4225555,0.054312047399605004,0.10994075049374588,Coffee Shop,Park,Pub,Dog Run,Thai Restaurant,Bar,Fried Chicken Joint,Liquor Store,Grocery Store,Gas Station,21
66,Lawrence Park North,14607.0,5622.0,6407.0,87.0,181.0,43.729199,-79.4032525,0.013578898080224755,0.028250351178398626,Sushi Restaurant,Italian Restaurant,Coffee Shop,Bakery,Fast Food Restaurant,Sandwich Place,Bank,Cosmetics Shop,Pub,Asian Restaurant,54
67,Lawrence Park South,15179.0,6017.0,4685.0,137.0,193.0,43.729199,-79.4032525,0.029242262540021345,0.04119530416221985,Sushi Restaurant,Italian Restaurant,Coffee Shop,Bakery,Fast Food Restaurant,Sandwich Place,Bank,Cosmetics Shop,Pub,Asian Restaurant,54
68,Leaside-Bennington,16828.0,6712.0,3596.0,116.0,253.0,43.7014812,-79.3731559,0.03225806451612903,0.0703559510567297,Bakery,Indian Restaurant,Bank,Ice Cream Shop,Sandwich Place,Wings Joint,Sushi Restaurant,Grocery Store,Pizza Place,Coffee Shop,48
69,Little Portugal,15559.0,8095.0,12859.0,178.0,440.0,43.64741325,-79.43111632546047,0.013842444980169531,0.03421727972626176,Bar,Café,Restaurant,Coffee Shop,Bakery,Cocktail Bar,French Restaurant,Gift Shop,Italian Restaurant,Japanese Restaurant,100
70,Long Branch,10084.0,5145.0,4584.0,132.0,194.0,43.59200455,-79.54536450659592,0.028795811518324606,0.04232111692844677,Park,Bar,Bank,Pharmacy,Grocery Store,Beach,Greek Restaurant,Seafood Restaurant,Coffee Shop,Liquor Store,25
71,Lumsden,7865.0,3604.0,6722.0,55.0,138.0,43.6928281,-79.3157273,0.00818208866408807,0.020529604284439156,Coffee Shop,Park,Café,Bar,Gastropub,Skating Rink,Bank,Thrift / Vintage Store,Thai Restaurant,Beer Store,38
72,Malvern,43794.0,13936.0,4948.0,505.0,2340.0,43.8091955,-79.2217008,0.10206143896523848,0.47291835084882783,Fast Food Restaurant,Park,Grocery Store,Pizza Place,Pharmacy,Bubble Tea Shop,Skating Rink,Supermarket,Sandwich Place,Salon / Barbershop,17
76,Milliken,26572.0,7825.0,2830.0,370.0,757.0,43.8231743,-79.3017626,0.13074204946996468,0.26749116607773854,Chinese Restaurant,Asian Restaurant,Bakery,Vietnamese Restaurant,Tea Room,Pet Store,Vegetarian / Vegan Restaurant,Japanese Restaurant,Bubble Tea Shop,Noodle House,52
77,Mimico,33964.0,20486.0,4915.0,,969.0,43.6166773,-79.4968048,,0.19715157680569684,Bank,Indian Restaurant,Convenience Store,Breakfast Spot,Grocery Store,Ice Cream Shop,Skating Rink,Bar,Thai Restaurant,Beach,27
78,Morningside,17455.0,6044.0,3041.0,233.0,859.0,43.7826012,-79.2049579,0.07661953304833936,0.2824728707661953,Park,Coffee Shop,Convenience Store,Tennis Court,Café,Sandwich Place,Pharmacy,Supermarket,Business Service,Gas Station,16
79,Moss Park,20506.0,12513.0,14753.0,1083.0,729.0,43.6546438,-79.3697278,0.07340879821053345,0.04941367857384939,Coffee Shop,Gastropub,Theater,Café,Restaurant,Italian Restaurant,Farmers Market,Cosmetics Shop,Park,Bakery,100
80,Mount Dennis,13593.0,5386.0,6442.0,146.0,798.0,43.6869597,-79.4895513,0.02266376901583359,0.12387457311393978,Coffee Shop,Intersection,Park,Fast Food Restaurant,Furniture / Home Store,American Restaurant,Grocery Store,Playground,Tennis Court,Gas Station,15
81,Mount Pleasant East,16775.0,7715.0,5411.0,128.0,195.0,43.7084166,-79.3901348,0.023655516540380707,0.036037700979486234,Italian Restaurant,Coffee Shop,Café,Bookstore,Sushi Restaurant,Park,Pizza Place,Supermarket,Dessert Shop,Deli / Bodega,44
82,Mount Pleasant West,29658.0,18495.0,21969.0,294.0,744.0,43.7084166,-79.3901348,0.013382493513587328,0.033865901952751604,Italian Restaurant,Coffee Shop,Café,Bookstore,Sushi Restaurant,Park,Pizza Place,Supermarket,Dessert Shop,Deli / Bodega,44
83,New Toronto,11463.0,5657.0,3342.0,175.0,325.0,43.6007625,-79.505264,0.0523638539796529,0.09724715739078396,Park,Indian Restaurant,Restaurant,Supermarket,Café,Mexican Restaurant,Fast Food Restaurant,Bakery,Coffee Shop,Pharmacy,18
84,Newtonbrook East,16097.0,6470.0,3926.0,166.0,276.0,43.795986,-79.4130896,0.04228222109016811,0.07030056036678553,Coffee Shop,Korean Restaurant,Middle Eastern Restaurant,Sandwich Place,Restaurant,Café,Grocery Store,Pizza Place,Shopping Mall,Supermarket,61
85,Newtonbrook West,23831.0,9416.0,5070.0,308.0,1364.0,43.795986,-79.4130896,0.060749506903353054,0.2690335305719921,Coffee Shop,Korean Restaurant,Middle Eastern Restaurant,Sandwich Place,Restaurant,Café,Grocery Store,Pizza Place,Shopping Mall,Supermarket,61
86,Niagara,31180.0,19660.0,10156.0,493.0,564.0,43.6440753,-79.4086982,0.04854273335959039,0.05553367467506892,Yoga Studio,Coffee Shop,Italian Restaurant,Bakery,Spa,Cocktail Bar,Dessert Shop,Men's Store,Sandwich Place,Café,100
87,North Riverdale,11916.0,5306.0,6770.0,169.0,154.0,43.6654704,-79.3525936,0.02496307237813885,0.02274741506646972,Coffee Shop,Vietnamese Restaurant,Café,Bar,Bakery,Park,Fast Food Restaurant,Chinese Restaurant,Pizza Place,Fish Market,100
88,North St. James Town,18615.0,10109.0,44321.0,,845.0,43.6708625,-79.37279241253721,,0.019065454299316352,Coffee Shop,Restaurant,Japanese Restaurant,Gay Bar,Juice Bar,Café,Pub,Thai Restaurant,Park,Breakfast Spot,100
89,O'Connor-Parkview,18675.0,7713.0,3780.0,251.0,513.0,43.7023902,-79.3160976,0.0664021164021164,0.1357142857142857,Park,Athletics & Sports,Pizza Place,Curling Ice,Gastropub,Flea Market,Pharmacy,Rock Climbing Spot,Construction & Landscaping,Skating Rink,21
91,Oakwood Village,21210.0,9235.0,9511.0,285.0,746.0,43.6827255,-79.4380548,0.029965303332982862,0.07843549574177268,Italian Restaurant,Mexican Restaurant,Sushi Restaurant,Coffee Shop,Restaurant,Bakery,Mediterranean Restaurant,BBQ Joint,Dance Studio,Convenience Store,56
92,Old East York,9233.0,3960.0,3997.0,74.0,192.0,43.689953200000005,-79.32493147310899,0.018513885414060547,0.0480360270202652,Café,Coffee Shop,Gastropub,Bar,Sandwich Place,Ice Cream Shop,Pizza Place,American Restaurant,Park,Ethiopian Restaurant,50
93,Palmerston-Little Italy,13826.0,6862.0,9601.0,190.0,206.0,43.6600648,-79.4118056,0.019789605249453182,0.021456098323091345,Café,Korean Restaurant,Coffee Shop,Vegetarian / Vegan Restaurant,Dessert Shop,Bakery,Beer Bar,Ice Cream Shop,Bar,Taco Place,100
94,Parkwoods,34805.0,13921.0,4691.0,300.0,974.0,43.7611243,-79.3240594,0.06395224898742273,0.20763163504583246,Gas Station,Supermarket,Coffee Shop,Park,Bus Stop,French Restaurant,Café,Caribbean Restaurant,Beer Store,Shopping Mall,25
95,Pelham Park,11098.0,4559.0,7601.0,,,43.6686885,-79.458207,,,Café,Coffee Shop,Park,Bakery,Mexican Restaurant,Thai Restaurant,Vietnamese Restaurant,Restaurant,Flea Market,Gastropub,80
96,Pelmo Park,10722.0,3860.0,2547.0,189.0,691.0,43.7103728,-79.5085113,0.07420494699646643,0.2712995681193561,Convenience Store,Fast Food Restaurant,Gas Station,Mexican Restaurant,Thrift / Vintage Store,Vietnamese Restaurant,Jewelry Store,Intersection,Pizza Place,Caribbean Restaurant,15
97,Playter Estates-Danforth,7804.0,3767.0,8671.0,139.0,167.0,43.6786661,-79.3555177,0.016030446315303887,0.019259600968746397,Greek Restaurant,Coffee Shop,Pub,Café,Pizza Place,Park,Italian Restaurant,Fast Food Restaurant,Flower Shop,Bookstore,100
98,Pleasant View,15818.0,5703.0,5273.0,99.0,458.0,43.787048,-79.3337137,0.018774890953916178,0.08685757633225867,Park,Fast Food Restaurant,Bank,Pharmacy,Bus Station,Breakfast Spot,Beer Store,Skating Rink,Chinese Restaurant,Baseball Field,18
99,Princess,11051.0,3958.0,2138.0,108.0,223.0,43.6404664,-79.3912237,0.050514499532273154,0.10430308699719364,Coffee Shop,Italian Restaurant,Park,Gym,Yoga Studio,Scenic Lookout,Hotel,Dessert Shop,Café,Baseball Stadium,100
100,Regent Park,10803.0,5183.0,16880.0,262.0,330.0,43.6607056,-79.3604569,0.01552132701421801,0.019549763033175356,Coffee Shop,Restaurant,Café,Bakery,Park,Thai Restaurant,Diner,Breakfast Spot,Pub,Fast Food Restaurant,100
102,Rockcliffe,22246.0,9487.0,4414.0,251.0,1144.0,43.6752731,-79.4886729,0.0568645219755324,0.25917535115541457,Brewery,Park,Coffee Shop,Pizza Place,Athletics & Sports,Asian Restaurant,Thai Restaurant,Grocery Store,Bus Line,Sandwich Place,28
103,Roding,35052.0,14244.0,2337.0,799.0,2774.0,43.7271079,-79.4913046,0.3418913136499786,1.1869918699186992,Pharmacy,Vietnamese Restaurant,Bank,Intersection,Fast Food Restaurant,Gym / Fitness Center,Grocery Store,Supermarket,Burrito Place,Spa,25
104,Roncesvalles,14974.0,7305.0,9851.0,232.0,268.0,43.6514426,-79.4510381,0.023550908537204346,0.02720535986194295,Coffee Shop,Sushi Restaurant,Café,Pub,Grocery Store,Pizza Place,Bar,Breakfast Spot,Sandwich Place,Thai Restaurant,100
105,Rosedale-Moore Park,20923.0,10702.0,4500.0,276.0,255.0,43.6889721,-79.3741165,0.06133333333333333,0.056666666666666664,Park,Playground,Grocery Store,Trail,Bank,Pharmacy,Martial Arts School,Farmers Market,Historic Site,Candy Store,27
107,Runnymede-Bloor West Village,10070.0,3987.0,6333.0,117.0,105.0,43.6517776,-79.4759227,0.018474656560871626,0.016579819990525817,Coffee Shop,Café,Pizza Place,Sushi Restaurant,Pub,Italian Restaurant,Bakery,Pharmacy,Park,Bank,79
108,Rustic,9941.0,3726.0,4734.0,115.0,434.0,43.71336615,-79.50450373904313,0.02429235318969159,0.09167722855935784,Fast Food Restaurant,Vietnamese Restaurant,Gas Station,Pharmacy,Hockey Arena,Bank,Convenience Store,Grocery Store,Pizza Place,Mexican Restaurant,15
109,Scarborough Village,16724.0,6133.0,5395.0,263.0,1233.0,43.7437422,-79.2116324,0.04874884151992586,0.22854494902687675,Coffee Shop,Fast Food Restaurant,Gym,Beer Store,Fried Chicken Joint,Pub,Theater,Discount Store,Pizza Place,Grocery Store,18
111,South Parkdale,21849.0,12085.0,9583.0,416.0,911.0,43.638093,-79.4665843,0.04341020557236774,0.09506417614525722,Park,Scenic Lookout,Gas Station,Amphitheater,Café,Light Rail Station,Harbor / Marina,Basketball Court,Beach,Outdoors & Recreation,35
112,South Riverdale,27876.0,12732.0,3136.0,490.0,450.0,43.6654704,-79.3525936,0.15625,0.1434948979591837,Coffee Shop,Vietnamese Restaurant,Café,Bar,Bakery,Park,Fast Food Restaurant,Chinese Restaurant,Pizza Place,Fish Market,100
113,St.Andrew-Windfields,17812.0,6685.0,2430.0,194.0,273.0,43.6477917,-79.3848711,0.07983539094650206,0.11234567901234568,Coffee Shop,Café,Hotel,Japanese Restaurant,Theater,Beer Bar,Restaurant,Plaza,Arts & Crafts Store,Concert Hall,100
114,Steeles,24623.0,8032.0,5436.0,155.0,875.0,43.8161778,-79.3145378,0.028513612950699044,0.16096394407652687,Chinese Restaurant,Baseball Field,Food & Drink Shop,Pizza Place,Ramen Restaurant,Sandwich Place,Tea Room,Tattoo Parlor,Sushi Restaurant,Supermarket,29
115,Stonegate-Queensway,25051.0,10896.0,3199.0,206.0,478.0,43.62195,-79.5234993,0.06439512347608628,0.14942169427946234,Restaurant,Fast Food Restaurant,Coffee Shop,BBQ Joint,Burrito Place,Sandwich Place,Bank,Gym,Yoga Studio,Eastern European Restaurant,52
116,Sunnybrook,9266.0,3478.0,1040.0,122.0,134.0,43.71600205,-79.37755438397052,0.11730769230769231,0.12884615384615383,Food Court,Indian Restaurant,Thai Restaurant,Coffee Shop,Dog Run,Shipping Store,Grocery Store,Park,Pharmacy,Supermarket,22
117,Tam O'Shanter-Sullivan,27446.0,10384.0,5073.0,234.0,890.0,43.7798835,-79.30553811573397,0.046126552335895916,0.17543859649122806,Park,Fast Food Restaurant,Pizza Place,Pharmacy,Bank,Shopping Mall,Chinese Restaurant,Thai Restaurant,Seafood Restaurant,Fried Chicken Joint,26
118,Taylor-Massey,15683.0,6452.0,15528.0,214.0,606.0,43.7240387,-79.2661943,0.013781555899021122,0.03902627511591963,Chinese Restaurant,Coffee Shop,Bus Line,Sandwich Place,Hobby Shop,Pharmacy,Bus Stop,Pizza Place,Fast Food Restaurant,Health Food Store,17
119,The Beaches,21567.0,9926.0,6058.0,183.0,210.0,43.6710244,-79.296712,0.030207989435457248,0.034664905909541105,Pub,Beach,Coffee Shop,Breakfast Spot,Japanese Restaurant,Pizza Place,French Restaurant,Health Food Store,Spa,Bar,85
120,Thistletown,10360.0,3472.0,3130.0,147.0,898.0,43.7372656,-79.5653169,0.04696485623003195,0.2869009584664537,Indian Restaurant,Caribbean Restaurant,Asian Restaurant,Park,Pharmacy,Pizza Place,Coffee Shop,Skating Rink,Supermarket,Thai Restaurant,17
121,Thorncliffe Park,21108.0,7225.0,6787.0,173.0,1415.0,43.704553,-79.3454074,0.02548990717548254,0.20848681302490055,Indian Restaurant,Afghan Restaurant,Coffee Shop,Turkish Restaurant,Yoga Studio,Burger Joint,Gym,Grocery Store,Middle Eastern Restaurant,Supermarket,28
122,Trinity-Bellwoods,16556.0,7562.0,9570.0,290.0,330.0,43.64756465,-79.41388090266673,0.030303030303030304,0.034482758620689655,Bar,Café,Bakery,Pizza Place,Asian Restaurant,Cocktail Bar,Dessert Shop,Men's Store,Yoga Studio,American Restaurant,100
123,University,7607.0,3826.0,5395.0,243.0,212.0,43.6561192,-79.38467,0.04504170528266914,0.03929564411492122,Coffee Shop,Café,Japanese Restaurant,Hotel,Gastropub,Yoga Studio,Thai Restaurant,Bookstore,Sushi Restaurant,Burrito Place,100
124,Victoria Village,17510.0,7562.0,3710.0,230.0,794.0,43.732658,-79.3111892,0.06199460916442048,0.21401617250673854,Middle Eastern Restaurant,Portuguese Restaurant,Chinese Restaurant,Coffee Shop,Pet Store,Thrift / Vintage Store,Park,French Restaurant,Pizza Place,Thai Restaurant,15
125,Waterfront Communities-The Island,65913.0,47209.0,8943.0,1410.0,1304.0,43.7729847,-79.4999278,0.15766521301576653,0.14581236721458124,Coffee Shop,Café,Market,Pharmacy,Mexican Restaurant,Middle Eastern Restaurant,Tennis Stadium,Shopping Mall,Fast Food Restaurant,Chinese Restaurant,33
126,West Hill,27392.0,10318.0,2856.0,631.0,1078.0,43.7689144,-79.1872905,0.22093837535014005,0.37745098039215685,Park,Breakfast Spot,Pizza Place,Fast Food Restaurant,Coffee Shop,Bank,Restaurant,Medical Center,Gym / Fitness Center,Food & Drink Shop,39
127,West Humber-Clairville,33312.0,11045.0,1117.0,1014.0,2527.0,43.72337025,-79.59745741095173,0.9077887197851388,2.26230975828111,Ice Cream Shop,Swiss Restaurant,Paper / Office Supplies Store,Bank,Theme Park,Mediterranean Restaurant,Chinese Restaurant,Grocery Store,Food & Drink Shop,Sandwich Place,23
128,Westminster,26274.0,10454.0,7339.0,204.0,1754.0,43.7774549,-79.44898325200244,0.027796702548031068,0.2389971385747377,Grocery Store,Park,Coffee Shop,Pizza Place,Bakery,Butcher,Skating Rink,Sandwich Place,Eastern European Restaurant,Pharmacy,18
129,Weston,17992.0,8061.0,7197.0,335.0,1365.0,43.7001608,-79.5162474,0.046547172432958174,0.1896623593163818,Train Station,Ice Cream Shop,Coffee Shop,Gas Station,Soccer Field,Café,Skating Rink,Grocery Store,Park,Sandwich Place,17
130,Wexford,27917.0,10462.0,2724.0,448.0,1127.0,43.7453767,-79.2947155,0.1644640234948605,0.41372980910425844,Middle Eastern Restaurant,Pizza Place,Grocery Store,Burger Joint,Intersection,Dessert Shop,Hookah Bar,Seafood Restaurant,Fish Market,Coffee Shop,34
131,Willowdale East,50434.0,23901.0,10087.0,377.0,681.0,43.7615095,-79.4109234,0.03737483890155646,0.067512640031724,Coffee Shop,Sushi Restaurant,Grocery Store,Japanese Restaurant,Pizza Place,Fast Food Restaurant,Fried Chicken Joint,Sandwich Place,Ramen Restaurant,Bank,94
132,Willowdale West,16936.0,8054.0,5820.0,202.0,305.0,43.7615095,-79.4109234,0.03470790378006873,0.05240549828178694,Coffee Shop,Sushi Restaurant,Grocery Store,Japanese Restaurant,Pizza Place,Fast Food Restaurant,Fried Chicken Joint,Sandwich Place,Ramen Restaurant,Bank,94
133,Woburn,53485.0,19098.0,4345.0,662.0,2858.0,43.7598243,-79.2252908,0.1523590333716916,0.6577675489067895,Fast Food Restaurant,Sandwich Place,Pizza Place,Discount Store,Department Store,Grocery Store,Coffee Shop,Park,Bakery,Bank,39
134,Woodbine,12541.0,5620.0,7838.0,154.0,156.0,43.6863861,-79.31271156664201,0.01964786935442715,0.01990303648890023,Coffee Shop,Café,Bar,Arts & Crafts Store,Bank,Park,Breakfast Spot,Gastropub,Pharmacy,Bus Line,46
135,Wychwood,14349.0,6185.0,8541.0,138.0,342.0,43.6821217,-79.42383883756801,0.016157358623112048,0.040042149631190724,Italian Restaurant,Ice Cream Shop,Coffee Shop,Bakery,Indian Restaurant,Restaurant,Mexican Restaurant,Park,Grocery Store,Bank,68
136,Yonge-Eglinton,11817.0,6103.0,7162.0,185.0,158.0,43.7067479,-79.3983271,0.02583077352694778,0.022060876850041888,Coffee Shop,Italian Restaurant,Sushi Restaurant,Café,Restaurant,Dessert Shop,Gym,Pizza Place,Yoga Studio,Deli / Bodega,100
137,Yonge-St.Clair,12528.0,7475.0,10708.0,81.0,161.0,43.6880777,-79.3943963721967,0.007564437803511393,0.015035487485991782,Italian Restaurant,Sushi Restaurant,Restaurant,Coffee Shop,Liquor Store,Spa,Café,Park,Supermarket,Breakfast Spot,46
138,York University Heights,27593.0,11051.0,2086.0,729.0,2042.0,43.7587808,-79.5194336,0.3494726749760307,0.9789069990412272,Hotel,Gas Station,Grocery Store,Pizza Place,Fast Food Restaurant,Theater,Coffee Shop,Pharmacy,Intersection,Athletics & Sports,30
139,Yorkdale-Glen Park,14804.0,5847.0,2451.0,426.0,977.0,43.703434,-79.45291835752212,0.17380660954712362,0.39861281109751123,Furniture / Home Store,Grocery Store,Coffee Shop,Pizza Place,Bank,Sandwich Place,Fast Food Restaurant,Mediterranean Restaurant,Paintball Field,Ice Cream Shop,40
